file_size,page_count,metadata_field_count,suspicious_keyword_total,is_encrypted,javascript_count,has_javascript,js_count,has_js,openaction_count,has_openaction,aa_count,has_aa,launch_count,has_launch,uri_count,has_uri,embeddedfile_count,has_embeddedfile,encrypt_count,has_encrypt,objstm_count,has_objstm,richmedia_count,has_richmedia,acroform_count,has_acroform,action_keyword_total,embedded_or_script_total,stream_like_keyword_total,high_risk_keyword_total,keyword_density_per_page,label
46374,23,5,0,False,0,False,0,False,0,False,0,False,0,False,0,False,0,False,0,False,0,False,0,False,0,False,0,0,0,0,0.0,benign
11004,1,7,0,False,0,False,0,False,0,False,0,False,0,False,0,False,0,False,0,False,0,False,0,False,0,False,0,0,0,0,0.0,benign
29197,1,8,0,False,0,False,0,False,0,False,0,False,0,False,0,False,0,False,0,False,0,False,0,False,0,False,0,0,0,0,0.0,benign
168782,11,7,0,False,0,False,0,False,0,False,0,False,0,False,0,False,0,False,0,False,0,False,0,False,0,False,0,0,0,0,0.0,benign
29076,1,6,0,False,0,False,0,False,0,False,0,False,0,False,0,False,0,False,0,False,0,False,0,False,0,False,0,0,0,0,0.0,benign
377788,56,6,0,False,0,False,0,False,0,False,0,False,0,False,0,False,0,False,0,False,0,False,0,False,0,False,0,0,0,0,0.0,benign
11558,1,4,0,False,0,False,0,False,0,False,0,False,0,False,0,False,0,False,0,False,0,False,0,False,0,False,0,0,0,0,0.0,benign
92216,14,6,0,False,0,False,0,False,0,False,0,False,0,False,0,False,0,False,0,False,0,False,0,False,0,False,0,0,0,0,0.0,benign
54717,4,6,0,False,0,False,0,False,0,False,0,False,0,False,0,False,0,False,0,False,0,False,0,False,0,False,0,0,0,0,0.0,benign
10991,1,4,0,False,0,False,0,False,0,False,0,False,0,False,0,False,0,False,0,False,0,False,0,False,0,False,0,0,0,0,0.0,benign
82625,1,4,0,False,0,False,0,False,0,False,0,False,0,False,0,False,0,False,0,False,0,False,0,False,0,False,0,0,0,0,0.0,benign
25024,1,4,0,False,0,False,0,False,0,False,0,False,0,False,0,False,0,False,0,False,0,False,0,False,0,False,0,0,0,0,0.0,benign
56507,3,3,0,False,0,False,0,False,0,False,0,False,0,False,0,False,0,False,0,False,0,False,0,False,0,False,0,0,0,0,0.0,benign
51763,6,8,25,False,0,False,0,False,0,False,0,False,0,False,25,True,0,False,0,False,0,False,0,False,0,False,25,0,0,0,4.166666666666667,benign
169315,6,4,0,False,0,False,0,False,0,False,0,False,0,False,0,False,0,False,0,False,0,False,0,False,0,False,0,0,0,0,0.0,benign
70498,1,3,0,False,0,False,0,False,0,False,0,False,0,False,0,False,0,False,0,False,0,False,0,False,0,False,0,0,0,0,0.0,benign
104482,1,4,0,False,0,False,0,False,0,False,0,False,0,False,0,False,0,False,0,False,0,False,0,False,0,False,0,0,0,0,0.0,benign
26430,1,4,0,False,0,False,0,False,0,False,0,False,0,False,0,False,0,False,0,False,0,False,0,False,0,False,0,0,0,0,0.0,benign
22648,1,4,0,False,0,False,0,False,0,False,0,False,0,False,0,False,0,False,0,False,0,False,0,False,0,False,0,0,0,0,0.0,benign
62375,4,6,0,False,0,False,0,False,0,False,0,False,0,False,0,False,0,False,0,False,0,False,0,False,0,False,0,0,0,0,0.0,benign
237943,33,7,1,False,0,False,0,False,0,False,0,False,0,False,1,True,0,False,0,False,0,False,0,False,0,False,1,0,0,0,0.030303030303030304,benign
30709,3,8,1,False,0,False,0,False,0,False,0,False,0,False,1,True,0,False,0,False,0,False,0,False,0,False,1,0,0,0,0.3333333333333333,benign
280554,12,8,1,False,0,False,0,False,0,False,0,False,0,False,1,True,0,False,0,False,0,False,0,False,0,False,1,0,0,0,0.08333333333333333,benign
116595,6,7,2,False,0,False,0,False,0,False,0,False,0,False,0,False,0,False,0,False,0,False,0,False,2,True,0,0,0,2,0.3333333333333333,benign
121162,2,8,3,False,0,False,0,False,0,False,0,False,0,False,0,False,0,False,0,False,0,False,0,False,3,True,0,0,0,3,1.5,benign
46982,2,10,2,False,1,True,0,False,0,False,1,True,0,False,0,False,0,False,0,False,0,False,0,False,0,False,1,1,0,2,1.0,benign
234918,6,8,1,False,1,True,0,False,0,False,0,False,0,False,0,False,0,False,0,False,0,False,0,False,0,False,0,1,0,1,0.16666666666666666,benign
307263,4,10,3,False,1,True,0,False,0,False,0,False,0,False,2,True,0,False,0,False,0,False,0,False,0,False,2,1,0,1,0.75,benign
233916,2,8,2,False,0,False,0,False,0,False,0,False,0,False,0,False,0,False,0,False,0,False,0,False,2,True,0,0,0,2,1.0,benign
88122,2,8,2,False,0,False,0,False,0,False,0,False,0,False,0,False,0,False,0,False,0,False,0,False,2,True,0,0,0,2,1.0,benign
68403,2,8,2,False,0,False,0,False,0,False,0,False,0,False,0,False,0,False,0,False,0,False,0,False,2,True,0,0,0,2,1.0,benign
94682,1,8,1,False,0,False,0,False,0,False,0,False,0,False,0,False,0,False,0,False,0,False,0,False,1,True,0,0,0,1,1.0,benign
42053,4,10,1,False,0,False,0,False,0,False,0,False,0,False,1,True,0,False,0,False,0,False,0,False,0,False,1,0,0,0,0.25,benign
124172,1,6,1,False,0,False,0,False,0,False,0,False,0,False,1,True,0,False,0,False,0,False,0,False,0,False,1,0,0,0,1.0,benign
235152,12,6,2,False,0,False,0,False,0,False,0,False,0,False,2,True,0,False,0,False,0,False,0,False,0,False,2,0,0,0,0.16666666666666666,benign
32807,4,6,0,False,0,False,0,False,0,False,0,False,0,False,0,False,0,False,0,False,0,False,0,False,0,False,0,0,0,0,0.0,benign
42261,3,6,1,False,0,False,0,False,1,True,0,False,0,False,0,False,0,False,0,False,0,False,0,False,0,False,1,0,0,1,0.3333333333333333,benign
26467,4,8,0,False,0,False,0,False,0,False,0,False,0,False,0,False,0,False,0,False,0,False,0,False,0,False,0,0,0,0,0.0,benign
27998,9,6,0,False,0,False,0,False,0,False,0,False,0,False,0,False,0,False,0,False,0,False,0,False,0,False,0,0,0,0,0.0,benign
153130,14,6,0,False,0,False,0,False,0,False,0,False,0,False,0,False,0,False,0,False,0,False,0,False,0,False,0,0,0,0,0.0,benign
99262,15,7,2,False,0,False,0,False,0,False,0,False,0,False,2,True,0,False,0,False,0,False,0,False,0,False,2,0,0,0,0.13333333333333333,benign
274899,2,8,0,False,0,False,0,False,0,False,0,False,0,False,0,False,0,False,0,False,0,False,0,False,0,False,0,0,0,0,0.0,benign
303187,3,9,1,False,0,False,0,False,0,False,0,False,0,False,0,False,0,False,0,False,0,False,0,False,1,True,0,0,0,1,0.3333333333333333,benign
15518,2,8,0,False,0,False,0,False,0,False,0,False,0,False,0,False,0,False,0,False,0,False,0,False,0,False,0,0,0,0,0.0,benign
19914,9,2,0,False,0,False,0,False,0,False,0,False,0,False,0,False,0,False,0,False,0,False,0,False,0,False,0,0,0,0,0.0,benign
17470,12,3,0,False,0,False,0,False,0,False,0,False,0,False,0,False,0,False,0,False,0,False,0,False,0,False,0,0,0,0,0.0,benign
16313,10,6,0,False,0,False,0,False,0,False,0,False,0,False,0,False,0,False,0,False,0,False,0,False,0,False,0,0,0,0,0.0,benign
19925,7,6,0,False,0,False,0,False,0,False,0,False,0,False,0,False,0,False,0,False,0,False,0,False,0,False,0,0,0,0,0.0,benign
35914,15,6,0,False,0,False,0,False,0,False,0,False,0,False,0,False,0,False,0,False,0,False,0,False,0,False,0,0,0,0,0.0,benign
363293,40,4,0,False,0,False,0,False,0,False,0,False,0,False,0,False,0,False,0,False,0,False,0,False,0,False,0,0,0,0,0.0,benign
37170,9,7,4,False,2,True,1,True,1,True,0,False,0,False,0,False,0,False,0,False,0,False,0,False,0,False,1,3,0,4,0.4444444444444444,malicious
80065,1,0,2,False,0,False,0,False,0,False,0,False,0,False,0,False,1,True,0,False,0,False,0,False,1,True,0,1,1,2,2.0,malicious
6047,5,4,3,False,1,True,1,True,1,True,0,False,0,False,0,False,0,False,0,False,0,False,0,False,0,False,1,2,0,3,0.6,malicious
36337,1,7,4,False,2,True,1,True,1,True,0,False,0,False,0,False,0,False,0,False,0,False,0,False,0,False,1,3,0,4,4.0,malicious
12529,1,0,1,False,1,True,0,False,0,False,0,False,0,False,0,False,0,False,0,False,0,False,0,False,0,False,0,1,0,1,1.0,malicious
15023,1,5,1,False,0,False,0,False,0,False,0,False,0,False,0,False,0,False,0,False,0,False,0,False,1,True,0,0,0,1,1.0,malicious
4382,1,5,3,False,2,True,1,True,0,False,0,False,0,False,0,False,0,False,0,False,0,False,0,False,0,False,0,3,0,3,3.0,malicious
15089,1,5,1,False,0,False,0,False,0,False,0,False,0,False,0,False,0,False,0,False,0,False,0,False,1,True,0,0,0,1,1.0,malicious
11129,1,8,8,False,4,True,3,True,1,True,0,False,0,False,0,False,0,False,0,False,0,False,0,False,0,False,1,7,0,8,8.0,malicious
5729,1,5,3,False,2,True,1,True,0,False,0,False,0,False,0,False,0,False,0,False,0,False,0,False,0,False,0,3,0,3,3.0,malicious
14983,1,5,1,False,0,False,0,False,0,False,0,False,0,False,0,False,0,False,0,False,0,False,0,False,1,True,0,0,0,1,1.0,malicious
3856,1,5,4,False,1,True,2,True,0,False,0,False,0,False,0,False,0,False,0,False,0,False,0,False,1,True,0,3,0,4,4.0,malicious
15093,1,5,1,False,0,False,0,False,0,False,0,False,0,False,0,False,0,False,0,False,0,False,0,False,1,True,0,0,0,1,1.0,malicious
4338,1,5,7,False,4,True,3,True,0,False,0,False,0,False,0,False,0,False,0,False,0,False,0,False,0,False,0,7,0,7,7.0,malicious
2048000,1,5,7,False,3,True,2,True,1,True,0,False,0,False,0,False,0,False,0,False,0,False,0,False,1,True,1,5,0,7,7.0,malicious
37213,4,7,117,False,0,False,0,False,1,True,0,False,0,False,116,True,0,False,0,False,0,False,0,False,0,False,117,0,0,1,29.25,malicious
